{"density": 0.187, "bending": [[2.3191698e-05, 3.2932217e-05, 3.4406498e-05, 3.901442e-05, 2.3382786e-05], [2.4749964e-05, 1.8651314e-05, 1.6370552e-05, 2.5095791e-05, 8.860165e-06], [1.4267624e-05, 7.052906e-06, 1.4515154e-05, 2.4665127e-05, 1.9383726e-05]], "stretching": [[16.593832, -14.69599, 34.477123, 36.860302], [46.364765, 53.694656, 261.013855, -29.691301], [49.28511, 87.5961, 206.373993, 22.768457], [123.98922, 105.18177, 365.966217, 44.217571], [139.686325, 73.59256, 413.553162, -174.43853], [127.44381, 85.848587, 405.872833, 32.238411]]}