{
    "density": 0.284,
    "stretching": [
        [31.146198, -12.802702, 44.028667, 31.896357],
        [78.707756, 26.754574, 268.680725, 27.743423],
        [67.368431, 77.767944, 182.273407, -14.661531],
        [113.367035, 54.802021, 175.126572, 44.657330],
        [144.294830, 111.404854, 138.422150, -29.861851],
        [143.933365, 49.654823, 191.777588, 39.491055]
    ],
    "bending": [
        [36.348366e-6, 49.585537e-6, 45.744080e-6, 47.413387e-6, 20.726685e-6],
        [33.013252e-6, 29.744385e-6, 35.103642e-6, 34.041019e-6, 14.439938e-6],
        [37.157593e-6, 34.107452e-6, 33.229435e-6, 34.685535e-6, 10.439938e-6]
    ]
}
