{
	"density": 0.22999999999999998, 
	"stretching": [
		[0.06887401212500001, 0.016232685625000003, 0.21021268762499998, 0.04103429025], 
		[0.09016748, 0.04041316375, 0.34817078525, 0.0034533779999999987], 
		[0.08371470762500002, 0.067470078125, 0.29046801474999995, 0.005371625000000001], 
		[0.12498158324999999, 0.06212959037500001, 0.30829390112500005, 0.051698412624999995], 
		[0.12678926125, 0.074556004125, 0.35309367100000005, -0.020491534749999995], 
		[0.1359490825, 0.045907284750000006, 0.37952428425, 0.040440909750000004]
	], 
	"bending": [
		[0.52630706, 0.63922518875, 0.82299967625, 0.7726867012499999, 0.57150106375], 
		[0.4618758425, 0.37197157750000004, 0.45168707250000006, 0.42762421, 0.27715662125000007], 
		[0.44673058625, 0.44821227, 0.4510315025, 0.45190593125, 0.30551370125000005]
	]
}
