{
    "density": 0.276,
    "stretching": [
        [42.871021, -0.234556, 65.166023, 83.175644],
        [52.422512, 7.219094, 245.337158, -31.129513],
        [29.482058, -5.146112, 127.130753, 13.068157],
        [91.209549, 4.940307, 109.746452, 27.609430],
        [48.973385, -0.967226, 147.696823, -49.282963],
        [105.649139, 0.416488, 254.593491, 3.472504]
    ],
    "bending": [
        [46.237591e-6, 63.086697e-6, 83.192772e-6, 97.574425e-6, 80.726685e-6],
        [30.015930e-6, 30.097424e-6, 30.172081e-6, 30.648300e-6, 24.726685e-6],
        [32.243889e-6, 37.341282e-6, 38.817448e-6, 39.812527e-6, 30.437820e-6]
    ]
}
