{
    "density": 0.224,
    "stretching": [
        [12.486332, -19.875324, 3.272434, 17.616289],
        [32.172089, 56.012760, 283.466370, -2.438436],
        [48.565407, 94.126335, 180.101227, 4.439080],
        [77.093796, 2.958664, 91.251160, 6.107700],
        [126.205986, 84.471718, 305.131531, 38.495132],
        [92.343170, 117.527084, 243.264908, 47.338436]
    ],
    "bending": [
        [59.469658e-6, 37.500004e-6, 35.787308e-6, 35.737106e-6, 21.033506e-6],
        [40.072277e-6, 37.446949e-6, 35.206612e-6, 24.871773e-6, 9.033506e-6],
        [45.625023e-6, 39.520981e-6, 30.734119e-6, 23.301662e-6, 13.033506e-6]
    ]
}
