{
    "density": 0.228,
    "stretching": [
        [151.503906, 106.028160, 244.830673, 30.250183],
        [164.124344, 33.689709, 268.195221, 30.074625],
        [152.584641, 107.251373, 210.614838, -62.760571],
        [209.604172, 175.223465, 220.198120, 129.643188],
        [98.879021, 107.085518, 326.209442, 44.475986],
        [96.805817, 54.626881, 359.792633, 30.340616]
    ],
    "bending": [
        [117.070122e-6, 202.682922e-6, 298.615936e-6, 244.588867e-6, 238.437820e-6],
        [87.509773e-6, 36.396919e-6, 103.628098e-6, 91.630119e-6, 97.175949e-6],
        [59.774277e-6, 59.260632e-6, 64.199661e-6, 55.017326e-6, 59.221714e-6]
    ]
}
