{
    "density": 0.220,
    "stretching": [
        [2016.55456, 9.170511, 2034.97644, 104.759674],
        [2109.51684, 38.604588, 2173.93969, 19.129177],
        [2109.78002, 60.165310, 2155.51367, 27.817890],
        [2110.33349, 30.987429, 2135.07910, 121.482445],
        [2109.16015, 72.393326, 2124.13525, 40.810982],
        [2109.52612, 63.424015, 2152.73852, 39.885654]
    ],
    "bending": [
        [125.409805e-6, 167.284561e-6, 215.412750e-6, 215.090790e-6, 223.861038e-6],
        [107.997696e-6, 120.583267e-6, 144.141678e-6, 140.606689e-6, 153.048309e-6],
        [125.409805e-6, 167.284561e-6, 215.412750e-6, 215.090790e-6, 227.861038e-6]
    ]
}
