{
    "density": 0.113,
    "stretching": [
        [43.067627, 54.373299, 171.424835, 14.314700],
        [75.151695, 82.195221, 236.163773, -7.230383],
        [57.548206, 89.637825, 224.553848, 3.932043],
        [107.244377, 124.801788, 364.583557, 41.386868],
        [178.734039, 178.488907, 371.764618, -30.898058],
        [227.028687, -21.865427, 404.867188, 62.636021]
    ],
    "bending": [
        [14.293814e-6, 8.949391e-6, 30.011126e-6, 36.081490e-6, 18.363136e-6],
        [21.951700e-6, 22.446325e-6, 18.408735e-6, 19.598495e-6, 12.071854e-6],
        [20.345654e-6, 22.696880e-6, 15.698071e-6, 13.466827e-6, 7.556618e-6]
    ]
}
