{
    "density": 0.204,
    "stretching": [
        [47.971176, 6.834521, 104.615456, 60.773663],
        [40.369045, 23.092957, 169.666290, -24.681890],
        [40.291599, 48.142597, 138.261612, 9.002558],
        [51.393467, -32.966949, 79.881721, 35.973194],
        [51.500938, 1.868910, 63.693932, -37.540417],
        [68.621185, 40.131950, 124.468513, 36.199604]
    ],
    "bending": [
        [60.237942e-6, 56.357208e-6, 69.698593e-6, 55.305969e-6, 34.705532e-6],
        [58.803211e-6, 63.121964e-6, 61.379181e-6, 47.971302e-6, 19.383726e-6],
        [51.018833e-6, 50.741455e-6, 50.570576e-6, 50.006001e-6, 24.556618e-6]
    ]
}
