{
    "density": 0.128,
    "stretching": [
        [2002.08618, 0.345588, 2027.48559, 19.189022],
        [2107.22753, 36.371597, 2171.73339, 16.904713],
        [2107.29882, 57.936157, 2153.30712, 24.392872],
        [2107.73291, 28.389059, 2132.72607, 101.462021],
        [2106.93750, 70.149529, 2121.87353, 38.054455],
        [2107.30786, 61.216290, 2150.47680, 37.668823]
    ],
    "bending": [
        [51.713814e-6, 36.506981e-6, 66.360748e-6, 52.729267e-6, 15.221714e-6],
        [40.659470e-6, 10.401686e-6, 20.847820e-6, 30.993469e-6, 12.726685e-6],
        [31.282822e-6, 22.910311e-6, 26.350384e-6, 30.637762e-6, 16.726685e-6]
    ]
}
